{
    "loss": 6.669514179229736,
    "accuracy": 0.47058823704719543
}